Workbook

Sheet Tugas Praktikum 4
A1: Karya Gata Computer
A2: Jl. Gurabesi Aspol Klofkamp Distrik Jayapura Selatan, Kota Jayapura, Papua 99221, Hp. 0811-4891-009
A4: No | B4: Nomor Pendaftaran | C4: Nama Peserta Didik | D4: Jenis Kursus | E4: Cara Bayar | F4: Kelas | G4: Status | H4: Jumlah Pertemuan | I4: Biaya | J4: Diskon | K4: Total Bayar | L4: Bonus
A5: 1 | B5: RM/010/PR-C | C5: ZAKI | D5: =VLOOKUP(MID(B5,8,2),'Tabel Bantu'!$A$9:$E$12,2,FALSE) -> PROGRAMMING | E5: =IF(RIGHT(B5,1)="C","Tunai","Transfer") -> Tunai | F5: =HLOOKUP(LEFT(B5,1),'Tabel Bantu'!$B$2:$C$3,2,FALSE) -> Reguler | G5: =IF(MID(B5,2,1)="M","Mahasiswa",IF(MID(B5,2,1)="K","Karyawan","Profesional")) -> Mahasiswa | H5: =VALUE(MID(B5,4,3)) -> 10 | I5: =VLOOKUP(MID(B5,8,2),'Tabel Bantu'!$A$9:$E$12,IF(G5="Mahasiswa",3,IF(G5="Karyawan",4,5)),FALSE) -> 200000 | J5: =IF(H5>=10,15%*I5,IF(H5>=7,10%*I5,0)) -> 30000 | K5: =(H5*I5)-J5 -> 1970000 | L5: =IF(OR(K5>2500000,G5="Profesional"),"Note Book","Jam Dinding") -> Jam Dinding
A6: 2 | B6: EK/009/OF-C | C6: NOVITA | D6: =VLOOKUP(MID(B6,8,2),'Tabel Bantu'!$A$9:$E$12,2,FALSE) -> OFFICE | E6: =IF(RIGHT(B6,1)="C","Tunai","Transfer") -> Tunai | F6: =HLOOKUP(LEFT(B6,1),'Tabel Bantu'!$B$2:$C$3,2,FALSE) -> Ekstensi | G6: =IF(MID(B6,2,1)="M","Mahasiswa",IF(MID(B6,2,1)="K","Karyawan","Profesional")) -> Karyawan | H6: =VALUE(MID(B6,4,3)) -> 9 | I6: =VLOOKUP(MID(B6,8,2),'Tabel Bantu'!$A$9:$E$12,IF(G6="Mahasiswa",3,IF(G6="Karyawan",4,5)),FALSE) -> 200000 | J6: =IF(H6>=10,15%*I6,IF(H6>=7,10%*I6,0)) -> 20000 | K6: =(H6*I6)-J6 -> 1780000 | L6: =IF(OR(K6>2500000,G6="Profesional"),"Note Book","Jam Dinding") -> Jam Dinding
A7: 3 | B7: EP/012/DG-T | C7: MELANDA | D7: =VLOOKUP(MID(B7,8,2),'Tabel Bantu'!$A$9:$E$12,2,FALSE) -> DESAIN GRAFIS | E7: =IF(RIGHT(B7,1)="C","Tunai","Transfer") -> Transfer | F7: =HLOOKUP(LEFT(B7,1),'Tabel Bantu'!$B$2:$C$3,2,FALSE) -> Ekstensi | G7: =IF(MID(B7,2,1)="M","Mahasiswa",IF(MID(B7,2,1)="K","Karyawan","Profesional")) -> Profesional | H7: =VALUE(MID(B7,4,3)) -> 12 | I7: =VLOOKUP(MID(B7,8,2),'Tabel Bantu'!$A$9:$E$12,IF(G7="Mahasiswa",3,IF(G7="Karyawan",4,5)),FALSE) -> 250000 | J7: =IF(H7>=10,15%*I7,IF(H7>=7,10%*I7,0)) -> 37500 | K7: =(H7*I7)-J7 -> 2962500 | L7: =IF(OR(K7>2500000,G7="Profesional"),"Note Book","Jam Dinding") -> Note Book
A8: 4 | B8: RM/011/OF-C | C8: ABEDNEGO | D8: =VLOOKUP(MID(B8,8,2),'Tabel Bantu'!$A$9:$E$12,2,FALSE) -> OFFICE | E8: =IF(RIGHT(B8,1)="C","Tunai","Transfer") -> Tunai | F8: =HLOOKUP(LEFT(B8,1),'Tabel Bantu'!$B$2:$C$3,2,FALSE) -> Reguler | G8: =IF(MID(B8,2,1)="M","Mahasiswa",IF(MID(B8,2,1)="K","Karyawan","Profesional")) -> Mahasiswa | H8: =VALUE(MID(B8,4,3)) -> 11 | I8: =VLOOKUP(MID(B8,8,2),'Tabel Bantu'!$A$9:$E$12,IF(G8="Mahasiswa",3,IF(G8="Karyawan",4,5)),FALSE) -> 125000 | J8: =IF(H8>=10,15%*I8,IF(H8>=7,10%*I8,0)) -> 18750 | K8: =(H8*I8)-J8 -> 1356250 | L8: =IF(OR(K8>2500000,G8="Profesional"),"Note Book","Jam Dinding") -> Jam Dinding
A9: 5 | B9: RK/015/DG-T | C9: NAUFAL | D9: =VLOOKUP(MID(B9,8,2),'Tabel Bantu'!$A$9:$E$12,2,FALSE) -> DESAIN GRAFIS | E9: =IF(RIGHT(B9,1)="C","Tunai","Transfer") -> Transfer | F9: =HLOOKUP(LEFT(B9,1),'Tabel Bantu'!$B$2:$C$3,2,FALSE) -> Reguler | G9: =IF(MID(B9,2,1)="M","Mahasiswa",IF(MID(B9,2,1)="K","Karyawan","Profesional")) -> Karyawan | H9: =VALUE(MID(B9,4,3)) -> 15 | I9: =VLOOKUP(MID(B9,8,2),'Tabel Bantu'!$A$9:$E$12,IF(G9="Mahasiswa",3,IF(G9="Karyawan",4,5)),FALSE) -> 225000 | J9: =IF(H9>=10,15%*I9,IF(H9>=7,10%*I9,0)) -> 33750 | K9: =(H9*I9)-J9 -> 3341250 | L9: =IF(OR(K9>2500000,G9="Profesional"),"Note Book","Jam Dinding") -> Note Book
A10: 6 | B10: EP/008/PR-T | C10: PURNOMO | D10: =VLOOKUP(MID(B10,8,2),'Tabel Bantu'!$A$9:$E$12,2,FALSE) -> PROGRAMMING | E10: =IF(RIGHT(B10,1)="C","Tunai","Transfer") -> Transfer | F10: =HLOOKUP(LEFT(B10,1),'Tabel Bantu'!$B$2:$C$3,2,FALSE) -> Ekstensi | G10: =IF(MID(B10,2,1)="M","Mahasiswa",IF(MID(B10,2,1)="K","Karyawan","Profesional")) -> Profesional | H10: =VALUE(MID(B10,4,3)) -> 8 | I10: =VLOOKUP(MID(B10,8,2),'Tabel Bantu'!$A$9:$E$12,IF(G10="Mahasiswa",3,IF(G10="Karyawan",4,5)),FALSE) -> 300000 | J10: =IF(H10>=10,15%*I10,IF(H10>=7,10%*I10,0)) -> 30000 | K10: =(H10*I10)-J10 -> 2370000 | L10: =IF(OR(K10>2500000,G10="Profesional"),"Note Book","Jam Dinding") -> Note Book
A11: 7 | B11: EP/010/PR-C | C11: NURMAHMUDHAH | D11: =VLOOKUP(MID(B11,8,2),'Tabel Bantu'!$A$9:$E$12,2,FALSE) -> PROGRAMMING | E11: =IF(RIGHT(B11,1)="C","Tunai","Transfer") -> Tunai | F11: =HLOOKUP(LEFT(B11,1),'Tabel Bantu'!$B$2:$C$3,2,FALSE) -> Ekstensi | G11: =IF(MID(B11,2,1)="M","Mahasiswa",IF(MID(B11,2,1)="K","Karyawan","Profesional")) -> Profesional | H11: =VALUE(MID(B11,4,3)) -> 10 | I11: =VLOOKUP(MID(B11,8,2),'Tabel Bantu'!$A$9:$E$12,IF(G11="Mahasiswa",3,IF(G11="Karyawan",4,5)),FALSE) -> 300000 | J11: =IF(H11>=10,15%*I11,IF(H11>=7,10%*I11,0)) -> 45000 | K11: =(H11*I11)-J11 -> 2955000 | L11: =IF(OR(K11>2500000,G11="Profesional"),"Note Book","Jam Dinding") -> Note Book
A12: 8 | B12: RP/011/PR-C | C12: QOLBI | D12: =VLOOKUP(MID(B12,8,2),'Tabel Bantu'!$A$9:$E$12,2,FALSE) -> PROGRAMMING | E12: =IF(RIGHT(B12,1)="C","Tunai","Transfer") -> Tunai | F12: =HLOOKUP(LEFT(B12,1),'Tabel Bantu'!$B$2:$C$3,2,FALSE) -> Reguler | G12: =IF(MID(B12,2,1)="M","Mahasiswa",IF(MID(B12,2,1)="K","Karyawan","Profesional")) -> Profesional | H12: =VALUE(MID(B12,4,3)) -> 11 | I12: =VLOOKUP(MID(B12,8,2),'Tabel Bantu'!$A$9:$E$12,IF(G12="Mahasiswa",3,IF(G12="Karyawan",4,5)),FALSE) -> 300000 | J12: =IF(H12>=10,15%*I12,IF(H12>=7,10%*I12,0)) -> 45000 | K12: =(H12*I12)-J12 -> 3255000 | L12: =IF(OR(K12>2500000,G12="Profesional"),"Note Book","Jam Dinding") -> Note Book
A13: 9 | B13: RK/007/DG-T | C13: MAHARANI | D13: =VLOOKUP(MID(B13,8,2),'Tabel Bantu'!$A$9:$E$12,2,FALSE) -> DESAIN GRAFIS | E13: =IF(RIGHT(B13,1)="C","Tunai","Transfer") -> Transfer | F13: =HLOOKUP(LEFT(B13,1),'Tabel Bantu'!$B$2:$C$3,2,FALSE) -> Reguler | G13: =IF(MID(B13,2,1)="M","Mahasiswa",IF(MID(B13,2,1)="K","Karyawan","Profesional")) -> Karyawan | H13: =VALUE(MID(B13,4,3)) -> 7 | I13: =VLOOKUP(MID(B13,8,2),'Tabel Bantu'!$A$9:$E$12,IF(G13="Mahasiswa",3,IF(G13="Karyawan",4,5)),FALSE) -> 225000 | J13: =IF(H13>=10,15%*I13,IF(H13>=7,10%*I13,0)) -> 22500 | K13: =(H13*I13)-J13 -> 1552500 | L13: =IF(OR(K13>2500000,G13="Profesional"),"Note Book","Jam Dinding") -> Jam Dinding
A14: 10 | B14: EM/011/OF-T | C14: ESKIYATURROFIKOH | D14: =VLOOKUP(MID(B14,8,2),'Tabel Bantu'!$A$9:$E$12,2,FALSE) -> OFFICE | E14: =IF(RIGHT(B14,1)="C","Tunai","Transfer") -> Transfer | F14: =HLOOKUP(LEFT(B14,1),'Tabel Bantu'!$B$2:$C$3,2,FALSE) -> Ekstensi | G14: =IF(MID(B14,2,1)="M","Mahasiswa",IF(MID(B14,2,1)="K","Karyawan","Profesional")) -> Mahasiswa | H14: =VALUE(MID(B14,4,3)) -> 11 | I14: =VLOOKUP(MID(B14,8,2),'Tabel Bantu'!$A$9:$E$12,IF(G14="Mahasiswa",3,IF(G14="Karyawan",4,5)),FALSE) -> 125000 | J14: =IF(H14>=10,15%*I14,IF(H14>=7,10%*I14,0)) -> 18750 | K14: =(H14*I14)-J14 -> 1356250 | L14: =IF(OR(K14>2500000,G14="Profesional"),"Note Book","Jam Dinding") -> Jam Dinding
A15: 11 | B15: EP/015/OF-C | C15: SHAFIYAH | D15: =VLOOKUP(MID(B15,8,2),'Tabel Bantu'!$A$9:$E$12,2,FALSE) -> OFFICE | E15: =IF(RIGHT(B15,1)="C","Tunai","Transfer") -> Tunai | F15: =HLOOKUP(LEFT(B15,1),'Tabel Bantu'!$B$2:$C$3,2,FALSE) -> Ekstensi | G15: =IF(MID(B15,2,1)="M","Mahasiswa",IF(MID(B15,2,1)="K","Karyawan","Profesional")) -> Profesional | H15: =VALUE(MID(B15,4,3)) -> 15 | I15: =VLOOKUP(MID(B15,8,2),'Tabel Bantu'!$A$9:$E$12,IF(G15="Mahasiswa",3,IF(G15="Karyawan",4,5)),FALSE) -> 225000 | J15: =IF(H15>=10,15%*I15,IF(H15>=7,10%*I15,0)) -> 33750 | K15: =(H15*I15)-J15 -> 3341250 | L15: =IF(OR(K15>2500000,G15="Profesional"),"Note Book","Jam Dinding") -> Note Book
A16: 12 | B16: EK/015/DG-T | C16: PATRICK | D16: =VLOOKUP(MID(B16,8,2),'Tabel Bantu'!$A$9:$E$12,2,FALSE) -> DESAIN GRAFIS | E16: =IF(RIGHT(B16,1)="C","Tunai","Transfer") -> Transfer | F16: =HLOOKUP(LEFT(B16,1),'Tabel Bantu'!$B$2:$C$3,2,FALSE) -> Ekstensi | G16: =IF(MID(B16,2,1)="M","Mahasiswa",IF(MID(B16,2,1)="K","Karyawan","Profesional")) -> Karyawan | H16: =VALUE(MID(B16,4,3)) -> 15 | I16: =VLOOKUP(MID(B16,8,2),'Tabel Bantu'!$A$9:$E$12,IF(G16="Mahasiswa",3,IF(G16="Karyawan",4,5)),FALSE) -> 225000 | J16: =IF(H16>=10,15%*I16,IF(H16>=7,10%*I16,0)) -> 33750 | K16: =(H16*I16)-J16 -> 3341250 | L16: =IF(OR(K16>2500000,G16="Profesional"),"Note Book","Jam Dinding") -> Note Book
A17: JUMLAH DATA PROGRAMMING | D17: =COUNTIF(D5:D16,"PROGRAMMING") -> 4 | F17: Nilai Tertinggi | H17: =MAX(H5:H16) -> 15
A18: JUMLAH DATA DESAIN GRAFIS | D18: =COUNTIF(D5:D16,"DESAIN GRAFIS") -> 4 | F18: Total Seluruh | I18: =SUM(I5:I16) -> 2700000
A19: JUMLAH DATA MICROSOFT OFFICE | D19: =COUNTIF(D5:D16,"OFFICE") -> 4 | F19: Nilai Rata-Rata | J19: =AVERAGE(J5:J16) -> 30729.167
F20: Nilai Terendah | K20: =MIN(K5:K16) -> 1356250

Sheet Tabel Bantu
A1: Tugas Praktikum 4 - Karya Gata Computer - TABEL BANTU
A2: Kode Kelas | B2: R | C2: E
A3: Nama Kelas | B3: Reguler | C3: Ekstensi
A8: TABEL BANTU 2
A9: KODE | B9: JENIS | C9: Mahasiswa | D9: Karyawan | E9: Profesional
A10: PR | B10: PROGRAMMING | C10: 200000 | D10: 275000 | E10: 300000
A11: DG | B11: DESAIN GRAFIS | C11: 150000 | D11: 225000 | E11: 250000
A12: OF | B12: OFFICE | C12: 125000 | D12: 200000 | E12: 225000
