Workbook
Name JK: 'Tabel Bantu'!$A$3:$E$7
Name ST: 'Tabel Bantu'!$A$9:$C$10

Sheet Tugas Praktikum 3
B1: EATEVER Catering Service
B2: Jalan Kalibata Tengah No. 41, Kalibata Kec. Pancoran, Kota Jakarta Selatan, DKI Jakarta 12740, Hp. 0877-8978-9581
A4: No | B4: Nomor Pesanan | C4: Nama Pelanggan | D4: Status | E4: Nama Barang | F4: Jenis Barang | G4: Jumlah Order | H4: Harga Sewa | I4: Total Harga | J4: Potongan Harga | K4: Total Biaya Sewa | L4: Bonus
A5: 1 | B5: P-SL-124-M | C5: SAPUTRA | D5: =HLOOKUP(RIGHT(B5,1),'Tabel Bantu'!$B$9:$C$10,2,FALSE) -> Member | E5: =IF(LEFT(B5,1)="P","Piring",IF(LEFT(B5,1)="G","Gelas","Mangkok")) -> Piring | F5: =VLOOKUP(MID(B5,3,2),'Tabel Bantu'!$A$3:$E$7,2,FALSE) -> Small | G5: =VALUE(MID(B5,6,3)) -> 124 | H5: =VLOOKUP(MID(B5,3,2),'Tabel Bantu'!$A$3:$E$7,IF(E5="Piring",3,IF(E5="Mangkok",4,5)),FALSE) -> 9000 | I5: =G5*H5 -> 1116000 | J5: =IF(G5>100,15%*I5,IF(G5>70,10%*I5,0)) -> 167400 | K5: =I5-J5 -> 948600 | L5: =IF(AND(G5>75,D5="Member"),"Souvenir","Tidak Dapat") -> Souvenir
A6: 2 | B6: M-MD-090-N | C6: NAPITUPULU | D6: =HLOOKUP(RIGHT(B6,1),'Tabel Bantu'!$B$9:$C$10,2,FALSE) -> Non Member | E6: =IF(LEFT(B6,1)="P","Piring",IF(LEFT(B6,1)="G","Gelas","Mangkok")) -> Mangkok | F6: =VLOOKUP(MID(B6,3,2),'Tabel Bantu'!$A$3:$E$7,2,FALSE) -> Medium | G6: =VALUE(MID(B6,6,3)) -> 90 | H6: =VLOOKUP(MID(B6,3,2),'Tabel Bantu'!$A$3:$E$7,IF(E6="Piring",3,IF(E6="Mangkok",4,5)),FALSE) -> 14500 | I6: =G6*H6 -> 1305000 | J6: =IF(G6>100,15%*I6,IF(G6>70,10%*I6,0)) -> 130500 | K6: =I6-J6 -> 1174500 | L6: =IF(AND(G6>75,D6="Member"),"Souvenir","Tidak Dapat") -> Tidak Dapat
A7: 3 | B7: G-LG-080-M | C7: DEVIN | D7: =HLOOKUP(RIGHT(B7,1),'Tabel Bantu'!$B$9:$C$10,2,FALSE) -> Member | E7: =IF(LEFT(B7,1)="P","Piring",IF(LEFT(B7,1)="G","Gelas","Mangkok")) -> Gelas | F7: =VLOOKUP(MID(B7,3,2),'Tabel Bantu'!$A$3:$E$7,2,FALSE) -> Large | G7: =VALUE(MID(B7,6,3)) -> 80 | H7: =VLOOKUP(MID(B7,3,2),'Tabel Bantu'!$A$3:$E$7,IF(E7="Piring",3,IF(E7="Mangkok",4,5)),FALSE) -> 10000 | I7: =G7*H7 -> 800000 | J7: =IF(G7>100,15%*I7,IF(G7>70,10%*I7,0)) -> 80000 | K7: =I7-J7 -> 720000 | L7: =IF(AND(G7>75,D7="Member"),"Souvenir","Tidak Dapat") -> Souvenir
A8: 4 | B8: G-EX-150-M | C8: ALTASYA | D8: =HLOOKUP(RIGHT(B8,1),'Tabel Bantu'!$B$9:$C$10,2,FALSE) -> Member | E8: =IF(LEFT(B8,1)="P","Piring",IF(LEFT(B8,1)="G","Gelas","Mangkok")) -> Gelas | F8: =VLOOKUP(MID(B8,3,2),'Tabel Bantu'!$A$3:$E$7,2,FALSE) -> Extra | G8: =VALUE(MID(B8,6,3)) -> 150 | H8: =VLOOKUP(MID(B8,3,2),'Tabel Bantu'!$A$3:$E$7,IF(E8="Piring",3,IF(E8="Mangkok",4,5)),FALSE) -> 12000 | I8: =G8*H8 -> 1800000 | J8: =IF(G8>100,15%*I8,IF(G8>70,10%*I8,0)) -> 270000 | K8: =I8-J8 -> 1530000 | L8: =IF(AND(G8>75,D8="Member"),"Souvenir","Tidak Dapat") -> Souvenir
A9: 5 | B9: M-EX-075-M | C9: ERLANGGA | D9: =HLOOKUP(RIGHT(B9,1),'Tabel Bantu'!$B$9:$C$10,2,FALSE) -> Member | E9: =IF(LEFT(B9,1)="P","Piring",IF(LEFT(B9,1)="G","Gelas","Mangkok")) -> Mangkok | F9: =VLOOKUP(MID(B9,3,2),'Tabel Bantu'!$A$3:$E$7,2,FALSE) -> Extra | G9: =VALUE(MID(B9,6,3)) -> 75 | H9: =VLOOKUP(MID(B9,3,2),'Tabel Bantu'!$A$3:$E$7,IF(E9="Piring",3,IF(E9="Mangkok",4,5)),FALSE) -> 18500 | I9: =G9*H9 -> 1387500 | J9: =IF(G9>100,15%*I9,IF(G9>70,10%*I9,0)) -> 138750 | K9: =I9-J9 -> 1248750 | L9: =IF(AND(G9>75,D9="Member"),"Souvenir","Tidak Dapat") -> Tidak Dapat
A10: 6 | B10: P-LG-100-N | C10: APRIRIANSYAH | D10: =HLOOKUP(RIGHT(B10,1),'Tabel Bantu'!$B$9:$C$10,2,FALSE) -> Non Member | E10: =IF(LEFT(B10,1)="P","Piring",IF(LEFT(B10,1)="G","Gelas","Mangkok")) -> Piring | F10: =VLOOKUP(MID(B10,3,2),'Tabel Bantu'!$A$3:$E$7,2,FALSE) -> Large | G10: =VALUE(MID(B10,6,3)) -> 100 | H10: =VLOOKUP(MID(B10,3,2),'Tabel Bantu'!$A$3:$E$7,IF(E10="Piring",3,IF(E10="Mangkok",4,5)),FALSE) -> 12000 | I10: =G10*H10 -> 1200000 | J10: =IF(G10>100,15%*I10,IF(G10>70,10%*I10,0)) -> 120000 | K10: =I10-J10 -> 1080000 | L10: =IF(AND(G10>75,D10="Member"),"Souvenir","Tidak Dapat") -> Tidak Dapat
A11: 7 | B11: M-MD-095-N | C11: ANGGUN | D11: =HLOOKUP(RIGHT(B11,1),'Tabel Bantu'!$B$9:$C$10,2,FALSE) -> Non Member | E11: =IF(LEFT(B11,1)="P","Piring",IF(LEFT(B11,1)="G","Gelas","Mangkok")) -> Mangkok | F11: =VLOOKUP(MID(B11,3,2),'Tabel Bantu'!$A$3:$E$7,2,FALSE) -> Medium | G11: =VALUE(MID(B11,6,3)) -> 95 | H11: =VLOOKUP(MID(B11,3,2),'Tabel Bantu'!$A$3:$E$7,IF(E11="Piring",3,IF(E11="Mangkok",4,5)),FALSE) -> 14500 | I11: =G11*H11 -> 1377500 | J11: =IF(G11>100,15%*I11,IF(G11>70,10%*I11,0)) -> 137750 | K11: =I11-J11 -> 1239750 | L11: =IF(AND(G11>75,D11="Member"),"Souvenir","Tidak Dapat") -> Tidak Dapat
A12: 8 | B12: G-SL-110-N | C12: DEPRIANSAH | D12: =HLOOKUP(RIGHT(B12,1),'Tabel Bantu'!$B$9:$C$10,2,FALSE) -> Non Member | E12: =IF(LEFT(B12,1)="P","Piring",IF(LEFT(B12,1)="G","Gelas","Mangkok")) -> Gelas | F12: =VLOOKUP(MID(B12,3,2),'Tabel Bantu'!$A$3:$E$7,2,FALSE) -> Small | G12: =VALUE(MID(B12,6,3)) -> 110 | H12: =VLOOKUP(MID(B12,3,2),'Tabel Bantu'!$A$3:$E$7,IF(E12="Piring",3,IF(E12="Mangkok",4,5)),FALSE) -> 6000 | I12: =G12*H12 -> 660000 | J12: =IF(G12>100,15%*I12,IF(G12>70,10%*I12,0)) -> 99000 | K12: =I12-J12 -> 561000 | L12: =IF(AND(G12>75,D12="Member"),"Souvenir","Tidak Dapat") -> Tidak Dapat
A13: 9 | B13: P-MD-083-N | C13: PRATAMA | D13: =HLOOKUP(RIGHT(B13,1),'Tabel Bantu'!$B$9:$C$10,2,FALSE) -> Non Member | E13: =IF(LEFT(B13,1)="P","Piring",IF(LEFT(B13,1)="G","Gelas","Mangkok")) -> Piring | F13: =VLOOKUP(MID(B13,3,2),'Tabel Bantu'!$A$3:$E$7,2,FALSE) -> Medium | G13: =VALUE(MID(B13,6,3)) -> 83 | H13: =VLOOKUP(MID(B13,3,2),'Tabel Bantu'!$A$3:$E$7,IF(E13="Piring",3,IF(E13="Mangkok",4,5)),FALSE) -> 10500 | I13: =G13*H13 -> 871500 | J13: =IF(G13>100,15%*I13,IF(G13>70,10%*I13,0)) -> 87150 | K13: =I13-J13 -> 784350 | L13: =IF(AND(G13>75,D13="Member"),"Souvenir","Tidak Dapat") -> Tidak Dapat
A14: 10 | B14: M-LG-107-N | C14: GUSBRIANA | D14: =HLOOKUP(RIGHT(B14,1),'Tabel Bantu'!$B$9:$C$10,2,FALSE) -> Non Member | E14: =IF(LEFT(B14,1)="P","Piring",IF(LEFT(B14,1)="G","Gelas","Mangkok")) -> Mangkok | F14: =VLOOKUP(MID(B14,3,2),'Tabel Bantu'!$A$3:$E$7,2,FALSE) -> Large | G14: =VALUE(MID(B14,6,3)) -> 107 | H14: =VLOOKUP(MID(B14,3,2),'Tabel Bantu'!$A$3:$E$7,IF(E14="Piring",3,IF(E14="Mangkok",4,5)),FALSE) -> 16500 | I14: =G14*H14 -> 1765500 | J14: =IF(G14>100,15%*I14,IF(G14>70,10%*I14,0)) -> 264825 | K14: =I14-J14 -> 1500675 | L14: =IF(AND(G14>75,D14="Member"),"Souvenir","Tidak Dapat") -> Tidak Dapat
A15: 11 | B15: G-SL-098-M | C15: GALUH | D15: =HLOOKUP(RIGHT(B15,1),'Tabel Bantu'!$B$9:$C$10,2,FALSE) -> Member | E15: =IF(LEFT(B15,1)="P","Piring",IF(LEFT(B15,1)="G","Gelas","Mangkok")) -> Gelas | F15: =VLOOKUP(MID(B15,3,2),'Tabel Bantu'!$A$3:$E$7,2,FALSE) -> Small | G15: =VALUE(MID(B15,6,3)) -> 98 | H15: =VLOOKUP(MID(B15,3,2),'Tabel Bantu'!$A$3:$E$7,IF(E15="Piring",3,IF(E15="Mangkok",4,5)),FALSE) -> 6000 | I15: =G15*H15 -> 588000 | J15: =IF(G15>100,15%*I15,IF(G15>70,10%*I15,0)) -> 58800 | K15: =I15-J15 -> 529200 | L15: =IF(AND(G15>75,D15="Member"),"Souvenir","Tidak Dapat") -> Souvenir
A16: 12 | B16: G-EX-121-N | C16: SETIAWAN | D16: =HLOOKUP(RIGHT(B16,1),'Tabel Bantu'!$B$9:$C$10,2,FALSE) -> Non Member | E16: =IF(LEFT(B16,1)="P","Piring",IF(LEFT(B16,1)="G","Gelas","Mangkok")) -> Gelas | F16: =VLOOKUP(MID(B16,3,2),'Tabel Bantu'!$A$3:$E$7,2,FALSE) -> Extra | G16: =VALUE(MID(B16,6,3)) -> 121 | H16: =VLOOKUP(MID(B16,3,2),'Tabel Bantu'!$A$3:$E$7,IF(E16="Piring",3,IF(E16="Mangkok",4,5)),FALSE) -> 12000 | I16: =G16*H16 -> 1452000 | J16: =IF(G16>100,15%*I16,IF(G16>70,10%*I16,0)) -> 217800 | K16: =I16-J16 -> 1234200 | L16: =IF(AND(G16>75,D16="Member"),"Souvenir","Tidak Dapat") -> Tidak Dapat
A17: Jumlah Seluruh Data | D17: =COUNTA(B5:B16) -> 12 | F17: Jumlah Seluruh Total Biaya Penyewaan | K17: =SUM(K5:K16) -> 12551025
A18: Jumlah Data Status MEMBER | D18: =COUNTIF(D5:D16,"Member") -> 5 | F18: Nilai Tertinggi Potongan Harga | J18: =MAX(J5:J16) -> 270000
A19: Jumlah Data Status NON MEMBER | D19: =COUNTIF(D5:D16,"Non Member") -> 7 | F19: Nilai Terendah Harga Sewa | I19: =MIN(I5:I16) -> 588000
F20: Rata-Rata Harga Sewa | H20: =AVERAGE(H5:H16) -> 11791.667

Sheet Tabel Bantu
A2: Tabel Help 1
A3: Kode | B3: Jenis | C3: Piring | D3: Mangkok | E3: Gelas
A4: SL | B4: Small | C4: 9000 | D4: 12500 | E4: 6000
A5: MD | B5: Medium | C5: 10500 | D5: 14500 | E5: 8000
A6: LG | B6: Large | C6: 12000 | D6: 16500 | E6: 10000
A7: EX | B7: Extra | C7: 14000 | D7: 18500 | E7: 12000
A8: Tabel Help 2
A9: KODE | B9: M | C9: N
A10: STATUS | B10: Member | C10: Non Member
